,Offence Type,Sex,Year,Admissions
0,Violent crime against person,F,2001,33.0
1,Violent crime against person,M,2001,612.0
2,Violent crime against property,F,2001,13.0
3,Violent crime against property,M,2001,393.0
4,"Burglary, theft and handling stolen goods",F,2001,407.0
5,"Burglary, theft and handling stolen goods",M,2001,2319.0
6,Fraud and forgery,F,2001,108.0
7,Fraud and forgery,M,2001,313.0
8,Indecency (sexual offences),F,2001,605.0
9,Indecency (sexual offences),M,2001,1055.0
10,Drug offences,F,2001,302.0
11,Drug offences,M,2001,2687.0
12,Offences against lawful authority,F,2001,310.0
13,Offences against lawful authority,M,2001,336.0
14,Immigration offences,F,2001,5962.0
15,Immigration offences,M,2001,2887.0
16,Preventive crime,F,2001,3.0
17,Preventive crime,M,2001,209.0
18,Criminal damage,F,2001,1.0
19,Criminal damage,M,2001,54.0
20,Unlawful society offences,F,2001,1.0
21,Unlawful society offences,M,2001,64.0
22,Conspiracy,F,2001,46.0
23,Conspiracy,M,2001,94.0
24,Miscellaneous crimes,F,2001,164.0
25,Miscellaneous crimes,M,2001,1881.0
26,Total,F,2001,7955.0
27,Total,M,2001,12904.0
28,Total,Total,2001,20859.0
34,Violent crime against person,F,2006,75.0
35,Violent crime against person,M,2006,875.0
36,Violent crime against property,F,2006,18.0
37,Violent crime against property,M,2006,407.0
38,"Burglary, theft and handling stolen goods",F,2006,812.0
39,"Burglary, theft and handling stolen goods",M,2006,3216.0
40,Fraud and forgery,F,2006,183.0
41,Fraud and forgery,M,2006,374.0
42,Indecency (sexual offences),F,2006,908.0
43,Indecency (sexual offences),M,2006,816.0
44,Drug offences,F,2006,261.0
45,Drug offences,M,2006,1895.0
46,Offences against lawful authority,F,2006,457.0
47,Offences against lawful authority,M,2006,397.0
48,Immigration offences,F,2006,4899.0
49,Immigration offences,M,2006,3542.0
50,Preventive crime,F,2006,11.0
51,Preventive crime,M,2006,310.0
52,Criminal damage,F,2006,9.0
53,Criminal damage,M,2006,69.0
54,Unlawful society offences,F,2006,0.0
55,Unlawful society offences,M,2006,128.0
56,Conspiracy,F,2006,53.0
57,Conspiracy,M,2006,166.0
58,Miscellaneous crimes,F,2006,461.0
59,Miscellaneous crimes,M,2006,1886.0
60,Total,F,2006,8147.0
61,Total,M,2006,14081.0
62,Total,Total,2006,22228.0
68,Violent crime against person,F,2011,81.0
69,Violent crime against person,M,2011,776.0
70,Violent crime against property,F,2011,15.0
71,Violent crime against property,M,2011,203.0
72,"Burglary, theft and handling stolen goods",F,2011,884.0
73,"Burglary, theft and handling stolen goods",M,2011,2535.0
74,Fraud and forgery,F,2011,88.0
75,Fraud and forgery,M,2011,241.0
76,Indecency (sexual offences),F,2011,240.0
77,Indecency (sexual offences),M,2011,518.0
78,Drug offences,F,2011,373.0
79,Drug offences,M,2011,2007.0
80,Offences against lawful authority,F,2011,102.0
81,Offences against lawful authority,M,2011,188.0
82,Immigration offences,F,2011,1898.0
83,Immigration offences,M,2011,1479.0
84,Preventive crime,F,2011,8.0
85,Preventive crime,M,2011,217.0
86,Criminal damage,F,2011,7.0
87,Criminal damage,M,2011,75.0
88,Unlawful society offences,F,2011,1.0
89,Unlawful society offences,M,2011,96.0
90,Conspiracy,F,2011,130.0
91,Conspiracy,M,2011,226.0
92,Miscellaneous crimes,F,2011,281.0
93,Miscellaneous crimes,M,2011,1460.0
94,Total,F,2011,4108.0
95,Total,M,2011,10021.0
96,Total,Total,2011,14129.0
102,Violent crime against person,F,2012,58.0
103,Violent crime against person,M,2012,714.0
104,Violent crime against property,F,2012,6.0
105,Violent crime against property,M,2012,193.0
106,"Burglary, theft and handling stolen goods",F,2012,817.0
107,"Burglary, theft and handling stolen goods",M,2012,2376.0
108,Fraud and forgery,F,2012,78.0
109,Fraud and forgery,M,2012,194.0
110,Indecency (sexual offences),F,2012,297.0
111,Indecency (sexual offences),M,2012,543.0
112,Drug offences,F,2012,387.0
113,Drug offences,M,2012,2004.0
114,Offences against lawful authority,F,2012,85.0
115,Offences against lawful authority,M,2012,177.0
116,Immigration offences,F,2012,1849.0
117,Immigration offences,M,2012,1536.0
118,Preventive crime,F,2012,9.0
119,Preventive crime,M,2012,179.0
120,Criminal damage,F,2012,8.0
121,Criminal damage,M,2012,70.0
122,Unlawful society offences,F,2012,0.0
123,Unlawful society offences,M,2012,67.0
124,Conspiracy,F,2012,128.0
125,Conspiracy,M,2012,188.0
126,Miscellaneous crimes,F,2012,224.0
127,Miscellaneous crimes,M,2012,1267.0
128,Total,F,2012,3946.0
129,Total,M,2012,9508.0
130,Total,Total,2012,13454.0
136,Violent crime against person,F,2013,62.0
137,Violent crime against person,M,2013,692.0
138,Violent crime against property,F,2013,9.0
139,Violent crime against property,M,2013,187.0
140,"Burglary, theft and handling stolen goods",F,2013,812.0
141,"Burglary, theft and handling stolen goods",M,2013,2278.0
142,Fraud and forgery,F,2013,81.0
143,Fraud and forgery,M,2013,210.0
144,Indecency (sexual offences),F,2013,399.0
145,Indecency (sexual offences),M,2013,561.0
146,Drug offences,F,2013,424.0
147,Drug offences,M,2013,2025.0
148,Offences against lawful authority,F,2013,109.0
149,Offences against lawful authority,M,2013,177.0
150,Immigration offences,F,2013,1513.0
151,Immigration offences,M,2013,1404.0
152,Preventive crime,F,2013,8.0
153,Preventive crime,M,2013,150.0
154,Criminal damage,F,2013,11.0
155,Criminal damage,M,2013,110.0
156,Unlawful society offences,F,2013,1.0
157,Unlawful society offences,M,2013,91.0
158,Conspiracy,F,2013,109.0
159,Conspiracy,M,2013,155.0
160,Miscellaneous crimes,F,2013,283.0
161,Miscellaneous crimes,M,2013,1249.0
162,Total,F,2013,3821.0
163,Total,M,2013,9289.0
164,Total,Total,2013,13110.0
170,Violent crime against person,F,2014,39.0
171,Violent crime against person,M,2014,640.0
172,Violent crime against property,F,2014,10.0
173,Violent crime against property,M,2014,131.0
174,"Burglary, theft and handling stolen goods",F,2014,660.0
175,"Burglary, theft and handling stolen goods",M,2014,2030.0
176,Fraud and forgery,F,2014,53.0
177,Fraud and forgery,M,2014,151.0
178,Indecency (sexual offences),F,2014,333.0
179,Indecency (sexual offences),M,2014,343.0
180,Drug offences,F,2014,412.0
181,Drug offences,M,2014,1874.0
182,Offences against lawful authority,F,2014,99.0
183,Offences against lawful authority,M,2014,163.0
184,Immigration offences,F,2014,1191.0
185,Immigration offences,M,2014,1022.0
186,Preventive crime,F,2014,10.0
187,Preventive crime,M,2014,166.0
188,Criminal damage,F,2014,8.0
189,Criminal damage,M,2014,98.0
190,Unlawful society offences,F,2014,0.0
191,Unlawful society offences,M,2014,44.0
192,Conspiracy,F,2014,55.0
193,Conspiracy,M,2014,124.0
194,Miscellaneous crimes,F,2014,354.0
195,Miscellaneous crimes,M,2014,1291.0
196,Total,F,2014,3224.0
197,Total,M,2014,8077.0
198,Total,Total,2014,11301.0
204,Violent crime against person,F,2015,62.0
205,Violent crime against person,M,2015,627.0
206,Violent crime against property,F,2015,1.0
207,Violent crime against property,M,2015,105.0
208,"Burglary, theft and handling stolen goods",F,2015,653.0
209,"Burglary, theft and handling stolen goods",M,2015,2153.0
210,Fraud and forgery,F,2015,51.0
211,Fraud and forgery,M,2015,157.0
212,Indecency (sexual offences),F,2015,196.0
213,Indecency (sexual offences),M,2015,235.0
214,Drug offences,F,2015,352.0
215,Drug offences,M,2015,1667.0
216,Offences against lawful authority,F,2015,79.0
217,Offences against lawful authority,M,2015,148.0
218,Immigration offences,F,2015,1460.0
219,Immigration offences,M,2015,985.0
220,Preventive crime,F,2015,9.0
221,Preventive crime,M,2015,165.0
222,Criminal damage,F,2015,5.0
223,Criminal damage,M,2015,83.0
224,Unlawful society offences,F,2015,0.0
225,Unlawful society offences,M,2015,62.0
226,Conspiracy,F,2015,68.0
227,Conspiracy,M,2015,129.0
228,Miscellaneous crimes,F,2015,548.0
229,Miscellaneous crimes,M,2015,1482.0
230,Total,F,2015,3484.0
231,Total,M,2015,7998.0
232,Total,Total,2015,11482.0
238,Violent crime against person,F,2016,41.0
239,Violent crime against person,M,2016,632.0
240,Violent crime against property,F,2016,5.0
241,Violent crime against property,M,2016,133.0
242,"Burglary, theft and handling stolen goods",F,2016,703.0
243,"Burglary, theft and handling stolen goods",M,2016,2084.0
244,Fraud and forgery,F,2016,56.0
245,Fraud and forgery,M,2016,143.0
246,Indecency (sexual offences),F,2016,192.0
247,Indecency (sexual offences),M,2016,221.0
248,Drug offences,F,2016,408.0
249,Drug offences,M,2016,1799.0
250,Offences against lawful authority,F,2016,92.0
251,Offences against lawful authority,M,2016,152.0
252,Immigration offences,F,2016,1555.0
253,Immigration offences,M,2016,1147.0
254,Preventive crime,F,2016,9.0
255,Preventive crime,M,2016,195.0
256,Criminal damage,F,2016,3.0
257,Criminal damage,M,2016,94.0
258,Unlawful society offences,F,2016,0.0
259,Unlawful society offences,M,2016,70.0
260,Conspiracy,F,2016,72.0
261,Conspiracy,M,2016,89.0
262,Miscellaneous crimes,F,2016,531.0
263,Miscellaneous crimes,M,2016,1554.0
264,Total,F,2016,3667.0
265,Total,M,2016,8313.0
266,Total,Total,2016,11980.0
272,Violent crime against person,F,2017,49.0
273,Violent crime against person,M,2017,585.0
274,Violent crime against property,F,2017,4.0
275,Violent crime against property,M,2017,110.0
276,"Burglary, theft and handling stolen goods",F,2017,675.0
277,"Burglary, theft and handling stolen goods",M,2017,1964.0
278,Fraud and forgery,F,2017,42.0
279,Fraud and forgery,M,2017,121.0
280,Indecency (sexual offences),F,2017,107.0
281,Indecency (sexual offences),M,2017,197.0
282,Drug offences,F,2017,356.0
283,Drug offences,M,2017,1741.0
284,Offences against lawful authority,F,2017,82.0
285,Offences against lawful authority,M,2017,131.0
286,Immigration offences,F,2017,1490.0
287,Immigration offences,M,2017,1383.0
288,Preventive crime,F,2017,7.0
289,Preventive crime,M,2017,176.0
290,Criminal damage,F,2017,11.0
291,Criminal damage,M,2017,104.0
292,Unlawful society offences,F,2017,1.0
293,Unlawful society offences,M,2017,50.0
294,Conspiracy,F,2017,78.0
295,Conspiracy,M,2017,110.0
296,Miscellaneous crimes,F,2017,389.0
297,Miscellaneous crimes,M,2017,1280.0
298,Total,F,2017,3291.0
299,Total,M,2017,7952.0
300,Total,Total,2017,11243.0
306,Violent crime against person,F,2018,55.0
307,Violent crime against person,M,2018,546.0
308,Violent crime against property,F,2018,10.0
309,Violent crime against property,M,2018,80.0
310,"Burglary, theft and handling stolen goods",F,2018,578.0
311,"Burglary, theft and handling stolen goods",M,2018,1703.0
312,Fraud and forgery,F,2018,47.0
313,Fraud and forgery,M,2018,115.0
314,Indecency (sexual offences),F,2018,102.0
315,Indecency (sexual offences),M,2018,177.0
316,Drug offences,F,2018,262.0
317,Drug offences,M,2018,1429.0
318,Offences against lawful authority,F,2018,92.0
319,Offences against lawful authority,M,2018,125.0
320,Immigration offences,F,2018,1622.0
321,Immigration offences,M,2018,1467.0
322,Preventive crime,F,2018,1.0
323,Preventive crime,M,2018,129.0
324,Criminal damage,F,2018,7.0
325,Criminal damage,M,2018,105.0
326,Unlawful society offences,F,2018,0.0
327,Unlawful society offences,M,2018,47.0
328,Conspiracy,F,2018,43.0
329,Conspiracy,M,2018,70.0
330,Miscellaneous crimes,F,2018,340.0
331,Miscellaneous crimes,M,2018,1260.0
332,Total,F,2018,3159.0
333,Total,M,2018,7253.0
334,Total,Total,2018,10412.0
340,Violent crime against person,F,2019,44.0
341,Violent crime against person,M,2019,490.0
342,Violent crime against property,F,2019,9.0
343,Violent crime against property,M,2019,93.0
344,"Burglary, theft and handling stolen goods",F,2019,512.0
345,"Burglary, theft and handling stolen goods",M,2019,1463.0
346,Fraud and forgery,F,2019,70.0
347,Fraud and forgery,M,2019,128.0
348,Indecency (sexual offences),F,2019,111.0
349,Indecency (sexual offences),M,2019,131.0
350,Drug offences,F,2019,195.0
351,Drug offences,M,2019,1246.0
352,Offences against lawful authority,F,2019,60.0
353,Offences against lawful authority,M,2019,81.0
354,Immigration offences,F,2019,1270.0
355,Immigration offences,M,2019,1123.0
356,Preventive crime,F,2019,3.0
357,Preventive crime,M,2019,119.0
358,Criminal damage,F,2019,7.0
359,Criminal damage,M,2019,89.0
360,Unlawful society offences,F,2019,0.0
361,Unlawful society offences,M,2019,29.0
362,Conspiracy,F,2019,63.0
363,Conspiracy,M,2019,79.0
364,Miscellaneous crimes,F,2019,355.0
365,Miscellaneous crimes,M,2019,1063.0
366,Total,F,2019,2699.0
367,Total,M,2019,6134.0
368,Total,Total,2019,8833.0
374,Violent crime against person,F,2020,42.0
375,Violent crime against person,M,2020,394.0
376,Violent crime against property,F,2020,8.0
377,Violent crime against property,M,2020,105.0
378,"Burglary, theft and handling stolen goods",F,2020,440.0
379,"Burglary, theft and handling stolen goods",M,2020,1501.0
380,Fraud and forgery,F,2020,46.0
381,Fraud and forgery,M,2020,86.0
382,Indecency (sexual offences),F,2020,21.0
383,Indecency (sexual offences),M,2020,76.0
384,Drug offences,F,2020,118.0
385,Drug offences,M,2020,721.0
386,Offences against lawful authority,F,2020,34.0
387,Offences against lawful authority,M,2020,68.0
388,Immigration offences,F,2020,843.0
389,Immigration offences,M,2020,605.0
390,Preventive crime,F,2020,12.0
391,Preventive crime,M,2020,193.0
392,Criminal damage,F,2020,10.0
393,Criminal damage,M,2020,107.0
394,Unlawful society offences,F,2020,0.0
395,Unlawful society offences,M,2020,27.0
396,Conspiracy,F,2020,39.0
397,Conspiracy,M,2020,60.0
398,Miscellaneous crimes,F,2020,202.0
399,Miscellaneous crimes,M,2020,836.0
400,Total,F,2020,1815.0
401,Total,M,2020,4779.0
402,Total,Total,2020,6594.0
408,Violent crime against person,F,2021,51.0
409,Violent crime against person,M,2021,557.0
410,Violent crime against property,F,2021,5.0
411,Violent crime against property,M,2021,134.0
412,"Burglary, theft and handling stolen goods",F,2021,453.0
413,"Burglary, theft and handling stolen goods",M,2021,1527.0
414,Fraud and forgery,F,2021,36.0
415,Fraud and forgery,M,2021,97.0
416,Indecency (sexual offences),F,2021,40.0
417,Indecency (sexual offences),M,2021,125.0
418,Drug offences,F,2021,153.0
419,Drug offences,M,2021,1140.0
420,Offences against lawful authority,F,2021,38.0
421,Offences against lawful authority,M,2021,96.0
422,Immigration offences,F,2021,990.0
423,Immigration offences,M,2021,723.0
424,Preventive crime,F,2021,18.0
425,Preventive crime,M,2021,252.0
426,Criminal damage,F,2021,12.0
427,Criminal damage,M,2021,203.0
428,Unlawful society offences,F,2021,1.0
429,Unlawful society offences,M,2021,41.0
430,Conspiracy,F,2021,34.0
431,Conspiracy,M,2021,71.0
432,Miscellaneous crimes,F,2021,278.0
433,Miscellaneous crimes,M,2021,1359.0
434,Total,F,2021,2109.0
435,Total,M,2021,6325.0
436,Total,Total,2021,8434.0
442,Violent crime against person,F,2022,61.0
443,Violent crime against person,M,2022,431.0
444,Violent crime against property,F,2022,14.0
445,Violent crime against property,M,2022,107.0
446,"Burglary, theft and handling stolen goods",F,2022,378.0
447,"Burglary, theft and handling stolen goods",M,2022,1089.0
448,Fraud and forgery,F,2022,34.0
449,Fraud and forgery,M,2022,131.0
450,Indecency (sexual offences),F,2022,40.0
451,Indecency (sexual offences),M,2022,173.0
452,Drug offences,F,2022,140.0
453,Drug offences,M,2022,1058.0
454,Offences against lawful authority,F,2022,31.0
455,Offences against lawful authority,M,2022,81.0
456,Immigration offences,F,2022,823.0
457,Immigration offences,M,2022,609.0
458,Preventive crime,F,2022,14.0
459,Preventive crime,M,2022,139.0
460,Criminal damage,F,2022,10.0
461,Criminal damage,M,2022,147.0
462,Unlawful society offences,F,2022,0.0
463,Unlawful society offences,M,2022,23.0
464,Conspiracy,F,2022,51.0
465,Conspiracy,M,2022,50.0
466,Miscellaneous crimes,F,2022,297.0
467,Miscellaneous crimes,M,2022,1278.0
468,Total,F,2022,1893.0
469,Total,M,2022,5316.0
470,Total,Total,2022,7209.0
476,Violent crime against person,F,2023,74.0
477,Violent crime against person,M,2023,354.0
478,Violent crime against property,F,2023,14.0
479,Violent crime against property,M,2023,159.0
480,"Burglary, theft and handling stolen goods",F,2023,546.0
481,"Burglary, theft and handling stolen goods",M,2023,1481.0
482,Fraud and forgery,F,2023,68.0
483,Fraud and forgery,M,2023,156.0
484,Indecency (sexual offences),F,2023,187.0
485,Indecency (sexual offences),M,2023,334.0
486,Drug offences,F,2023,206.0
487,Drug offences,M,2023,1239.0
488,Offences against lawful authority,F,2023,89.0
489,Offences against lawful authority,M,2023,84.0
490,Immigration offences,F,2023,1303.0
491,Immigration offences,M,2023,781.0
492,Preventive crime,F,2023,15.0
493,Preventive crime,M,2023,162.0
494,Criminal damage,F,2023,11.0
495,Criminal damage,M,2023,139.0
496,Unlawful society offences,F,2023,0.0
497,Unlawful society offences,M,2023,67.0
498,Conspiracy,F,2023,57.0
499,Conspiracy,M,2023,115.0
500,Miscellaneous crimes,F,2023,381.0
501,Miscellaneous crimes,M,2023,1498.0
502,Total,F,2023,2951.0
503,Total,M,2023,6569.0
504,Total,Total,2023,9520.0
510,Violent crime against person,F,2024,83.0
511,Violent crime against person,M,2024,498.0
512,Violent crime against property,F,2024,13.0
513,Violent crime against property,M,2024,82.0
514,"Burglary, theft and handling stolen goods",F,2024,580.0
515,"Burglary, theft and handling stolen goods",M,2024,1645.0
516,Fraud and forgery,F,2024,68.0
517,Fraud and forgery,M,2024,173.0
518,Indecency (sexual offences),F,2024,152.0
519,Indecency (sexual offences),M,2024,226.0
520,Drug offences,F,2024,169.0
521,Drug offences,M,2024,1134.0
522,Offences against lawful authority,F,2024,43.0
523,Offences against lawful authority,M,2024,91.0
524,Immigration offences,F,2024,1528.0
525,Immigration offences,M,2024,897.0
526,Preventive crime,F,2024,15.0
527,Preventive crime,M,2024,172.0
528,Criminal damage,F,2024,9.0
529,Criminal damage,M,2024,169.0
530,Unlawful society offences,F,2024,0.0
531,Unlawful society offences,M,2024,58.0
532,Conspiracy,F,2024,60.0
533,Conspiracy,M,2024,161.0
534,Miscellaneous crimes,F,2024,484.0
535,Miscellaneous crimes,M,2024,1591.0
536,Total,F,2024,3204.0
537,Total,M,2024,6897.0
538,Total,Total,2024,10101.0
