,Age Group,Sex,Year,Admissions
0,14 - 17,F,1986,48.0
1,14 - 17,M,1986,527.0
2,18 - 20,F,1986,130.0
3,18 - 20,M,1986,882.0
4,21 - 24,F,1986,277.0
5,21 - 24,M,1986,1731.0
6,25 - 29,F,1986,224.0
7,25 - 29,M,1986,2003.0
8,30 - 34,F,1986,115.0
9,30 - 34,M,1986,1642.0
10,35 - 39,F,1986,70.0
11,35 - 39,M,1986,1134.0
12,40 - 44,F,1986,28.0
13,40 - 44,M,1986,513.0
14,45 - 49,F,1986,19.0
15,45 - 49,M,1986,418.0
16,50 - 54,F,1986,14.0
17,50 - 54,M,1986,332.0
18,55 - 59,F,1986,12.0
19,55 - 59,M,1986,256.0
20,≧ 60,F,1986,7.0
21,≧ 60,M,1986,280.0
22,總計 Total,F,1986,944.0
23,總計 Total,M,1986,9718.0
24,總計 Total,Total,1986,10662.0
28,14 - 17,F,1991,84.0
29,14 - 17,M,1991,768.0
30,18 - 20,F,1991,204.0
31,18 - 20,M,1991,1279.0
32,21 - 24,F,1991,311.0
33,21 - 24,M,1991,2519.0
34,25 - 29,F,1991,254.0
35,25 - 29,M,1991,2775.0
36,30 - 34,F,1991,187.0
37,30 - 34,M,1991,1867.0
38,35 - 39,F,1991,108.0
39,35 - 39,M,1991,1319.0
40,40 - 44,F,1991,65.0
41,40 - 44,M,1991,877.0
42,45 - 49,F,1991,33.0
43,45 - 49,M,1991,383.0
44,50 - 54,F,1991,15.0
45,50 - 54,M,1991,242.0
46,55 - 59,F,1991,13.0
47,55 - 59,M,1991,164.0
48,≧ 60,F,1991,13.0
49,≧ 60,M,1991,168.0
50,總計 Total,F,1991,1287.0
51,總計 Total,M,1991,12361.0
52,總計 Total,Total,1991,13648.0
56,14 - 17,F,1996,156.0
57,14 - 17,M,1996,590.0
58,18 - 20,F,1996,533.0
59,18 - 20,M,1996,1283.0
60,21 - 24,F,1996,1075.0
61,21 - 24,M,1996,2246.0
62,25 - 29,F,1996,862.0
63,25 - 29,M,1996,2381.0
64,30 - 34,F,1996,558.0
65,30 - 34,M,1996,2108.0
66,35 - 39,F,1996,333.0
67,35 - 39,M,1996,1773.0
68,40 - 44,F,1996,242.0
69,40 - 44,M,1996,1460.0
70,45 - 49,F,1996,114.0
71,45 - 49,M,1996,955.0
72,50 - 54,F,1996,40.0
73,50 - 54,M,1996,359.0
74,55 - 59,F,1996,28.0
75,55 - 59,M,1996,253.0
76,≧ 60,F,1996,25.0
77,≧ 60,M,1996,246.0
78,總計 Total,F,1996,3966.0
79,總計 Total,M,1996,13654.0
80,總計 Total,Total,1996,17620.0
84,14 - 17,F,2001,260.0
85,14 - 17,M,2001,404.0
86,18 - 20,F,2001,1148.0
87,18 - 20,M,2001,757.0
88,21 - 24,F,2001,1404.0
89,21 - 24,M,2001,1795.0
90,25 - 29,F,2001,1252.0
91,25 - 29,M,2001,2367.0
92,30 - 34,F,2001,1224.0
93,30 - 34,M,2001,2021.0
94,35 - 39,F,2001,1073.0
95,35 - 39,M,2001,1772.0
96,40 - 44,F,2001,636.0
97,40 - 44,M,2001,1393.0
98,45 - 49,F,2001,464.0
99,45 - 49,M,2001,1113.0
100,50 - 54,F,2001,269.0
101,50 - 54,M,2001,705.0
102,55 - 59,F,2001,148.0
103,55 - 59,M,2001,291.0
104,≧ 60,F,2001,77.0
105,≧ 60,M,2001,286.0
106,總計 Total,F,2001,7955.0
107,總計 Total,M,2001,12904.0
108,總計 Total,Total,2001,20859.0
112,14 - 17,F,2006,185.0
113,14 - 17,M,2006,378.0
114,18 - 20,F,2006,723.0
115,18 - 20,M,2006,648.0
116,21 - 24,F,2006,1115.0
117,21 - 24,M,2006,1298.0
118,25 - 29,F,2006,1317.0
119,25 - 29,M,2006,2064.0
120,30 - 34,F,2006,1367.0
121,30 - 34,M,2006,2352.0
122,35 - 39,F,2006,1297.0
123,35 - 39,M,2006,2138.0
124,40 - 44,F,2006,1030.0
125,40 - 44,M,2006,1928.0
126,45 - 49,F,2006,516.0
127,45 - 49,M,2006,1340.0
128,50 - 54,F,2006,350.0
129,50 - 54,M,2006,1003.0
130,55 - 59,F,2006,149.0
131,55 - 59,M,2006,541.0
132,≧ 60,F,2006,98.0
133,≧ 60,M,2006,391.0
134,總計 Total,F,2006,8147.0
135,總計 Total,M,2006,14081.0
136,總計 Total,Total,2006,22228.0
140,14 - 17,F,2011,52.0
141,14 - 17,M,2011,286.0
142,18 - 20,F,2011,146.0
143,18 - 20,M,2011,545.0
144,21 - 24,F,2011,365.0
145,21 - 24,M,2011,918.0
146,25 - 29,F,2011,736.0
147,25 - 29,M,2011,1249.0
148,30 - 34,F,2011,640.0
149,30 - 34,M,2011,1490.0
150,35 - 39,F,2011,630.0
151,35 - 39,M,2011,1449.0
152,40 - 44,F,2011,589.0
153,40 - 44,M,2011,1187.0
154,45 - 49,F,2011,449.0
155,45 - 49,M,2011,1005.0
156,50 - 54,F,2011,247.0
157,50 - 54,M,2011,805.0
158,55 - 59,F,2011,134.0
159,55 - 59,M,2011,549.0
160,≧ 60,F,2011,120.0
161,≧ 60,M,2011,538.0
162,總計 Total,F,2011,4108.0
163,總計 Total,M,2011,10021.0
164,總計 Total,Total,2011,14129.0
168,14 - 17,F,2012,45.0
169,14 - 17,M,2012,314.0
170,18 - 20,F,2012,118.0
171,18 - 20,M,2012,458.0
172,21 - 24,F,2012,346.0
173,21 - 24,M,2012,798.0
174,25 - 29,F,2012,638.0
175,25 - 29,M,2012,1181.0
176,30 - 34,F,2012,660.0
177,30 - 34,M,2012,1305.0
178,35 - 39,F,2012,639.0
179,35 - 39,M,2012,1454.0
180,40 - 44,F,2012,584.0
181,40 - 44,M,2012,1191.0
182,45 - 49,F,2012,432.0
183,45 - 49,M,2012,991.0
184,50 - 54,F,2012,237.0
185,50 - 54,M,2012,779.0
186,55 - 59,F,2012,125.0
187,55 - 59,M,2012,553.0
188,≧ 60,F,2012,122.0
189,≧ 60,M,2012,484.0
190,總計 Total,F,2012,3946.0
191,總計 Total,M,2012,9508.0
192,總計 Total,Total,2012,13454.0
196,14 - 17,F,2013,49.0
197,14 - 17,M,2013,311.0
198,18 - 20,F,2013,116.0
199,18 - 20,M,2013,457.0
200,21 - 24,F,2013,278.0
201,21 - 24,M,2013,801.0
202,25 - 29,F,2013,587.0
203,25 - 29,M,2013,1176.0
204,30 - 34,F,2013,627.0
205,30 - 34,M,2013,1230.0
206,35 - 39,F,2013,595.0
207,35 - 39,M,2013,1277.0
208,40 - 44,F,2013,599.0
209,40 - 44,M,2013,1199.0
210,45 - 49,F,2013,428.0
211,45 - 49,M,2013,927.0
212,50 - 54,F,2013,264.0
213,50 - 54,M,2013,821.0
214,55 - 59,F,2013,159.0
215,55 - 59,M,2013,559.0
216,≧ 60,F,2013,119.0
217,≧ 60,M,2013,531.0
218,總計 Total,F,2013,3821.0
219,總計 Total,M,2013,9289.0
220,總計 Total,Total,2013,13110.0
224,14 - 17,F,2014,41.0
225,14 - 17,M,2014,189.0
226,18 - 20,F,2014,68.0
227,18 - 20,M,2014,362.0
228,21 - 24,F,2014,225.0
229,21 - 24,M,2014,640.0
230,25 - 29,F,2014,469.0
231,25 - 29,M,2014,1018.0
232,30 - 34,F,2014,541.0
233,30 - 34,M,2014,1059.0
234,35 - 39,F,2014,480.0
235,35 - 39,M,2014,1210.0
236,40 - 44,F,2014,533.0
237,40 - 44,M,2014,1028.0
238,45 - 49,F,2014,379.0
239,45 - 49,M,2014,840.0
240,50 - 54,F,2014,220.0
241,50 - 54,M,2014,664.0
242,55 - 59,F,2014,135.0
243,55 - 59,M,2014,534.0
244,≧ 60,F,2014,133.0
245,≧ 60,M,2014,533.0
246,總計 Total,F,2014,3224.0
247,總計 Total,M,2014,8077.0
248,總計 Total,Total,2014,11301.0
252,14 - 17,F,2015,25.0
253,14 - 17,M,2015,148.0
254,18 - 20,F,2015,73.0
255,18 - 20,M,2015,283.0
256,21 - 24,F,2015,194.0
257,21 - 24,M,2015,639.0
258,25 - 29,F,2015,493.0
259,25 - 29,M,2015,1059.0
260,30 - 34,F,2015,561.0
261,30 - 34,M,2015,1018.0
262,35 - 39,F,2015,516.0
263,35 - 39,M,2015,1091.0
264,40 - 44,F,2015,551.0
265,40 - 44,M,2015,1023.0
266,45 - 49,F,2015,412.0
267,45 - 49,M,2015,782.0
268,50 - 54,F,2015,278.0
269,50 - 54,M,2015,719.0
270,55 - 59,F,2015,181.0
271,55 - 59,M,2015,528.0
272,≧ 60,F,2015,200.0
273,≧ 60,M,2015,708.0
274,總計 Total,F,2015,3484.0
275,總計 Total,M,2015,7998.0
276,總計 Total,Total,2015,11482.0
280,14 - 17,F,2016,15.0
281,14 - 17,M,2016,135.0
282,18 - 20,F,2016,59.0
283,18 - 20,M,2016,254.0
284,21 - 24,F,2016,253.0
285,21 - 24,M,2016,630.0
286,25 - 29,F,2016,545.0
287,25 - 29,M,2016,1047.0
288,30 - 34,F,2016,576.0
289,30 - 34,M,2016,1091.0
290,35 - 39,F,2016,555.0
291,35 - 39,M,2016,1188.0
292,40 - 44,F,2016,578.0
293,40 - 44,M,2016,1135.0
294,45 - 49,F,2016,412.0
295,45 - 49,M,2016,867.0
296,50 - 54,F,2016,297.0
297,50 - 54,M,2016,698.0
298,55 - 59,F,2016,159.0
299,55 - 59,M,2016,568.0
300,≧ 60,F,2016,218.0
301,≧ 60,M,2016,700.0
302,總計 Total,F,2016,3667.0
303,總計 Total,M,2016,8313.0
304,總計 Total,Total,2016,11980.0
308,14 - 17,F,2017,19.0
309,14 - 17,M,2017,82.0
310,18 - 20,F,2017,49.0
311,18 - 20,M,2017,195.0
312,21 - 24,F,2017,205.0
313,21 - 24,M,2017,566.0
314,25 - 29,F,2017,391.0
315,25 - 29,M,2017,1097.0
316,30 - 34,F,2017,513.0
317,30 - 34,M,2017,982.0
318,35 - 39,F,2017,503.0
319,35 - 39,M,2017,1079.0
320,40 - 44,F,2017,480.0
321,40 - 44,M,2017,1129.0
322,45 - 49,F,2017,433.0
323,45 - 49,M,2017,937.0
324,50 - 54,F,2017,299.0
325,50 - 54,M,2017,703.0
326,55 - 59,F,2017,175.0
327,55 - 59,M,2017,502.0
328,≧ 60,F,2017,224.0
329,≧ 60,M,2017,680.0
330,總計 Total,F,2017,3291.0
331,總計 Total,M,2017,7952.0
332,總計 Total,Total,2017,11243.0
336,14 - 17,F,2018,7.0
337,14 - 17,M,2018,57.0
338,18 - 20,F,2018,43.0
339,18 - 20,M,2018,169.0
340,21 - 24,F,2018,183.0
341,21 - 24,M,2018,490.0
342,25 - 29,F,2018,414.0
343,25 - 29,M,2018,918.0
344,30 - 34,F,2018,542.0
345,30 - 34,M,2018,896.0
346,35 - 39,F,2018,495.0
347,35 - 39,M,2018,983.0
348,40 - 44,F,2018,415.0
349,40 - 44,M,2018,988.0
350,45 - 49,F,2018,410.0
351,45 - 49,M,2018,815.0
352,50 - 54,F,2018,253.0
353,50 - 54,M,2018,663.0
354,55 - 59,F,2018,206.0
355,55 - 59,M,2018,533.0
356,≧ 60,F,2018,191.0
357,≧ 60,M,2018,741.0
358,總計 Total,F,2018,3159.0
359,總計 Total,M,2018,7253.0
360,總計 Total,Total,2018,10412.0
364,14 - 17,F,2019,5.0
365,14 - 17,M,2019,63.0
366,18 - 20,F,2019,29.0
367,18 - 20,M,2019,138.0
368,21 - 24,F,2019,121.0
369,21 - 24,M,2019,419.0
370,25 - 29,F,2019,280.0
371,25 - 29,M,2019,716.0
372,30 - 34,F,2019,404.0
373,30 - 34,M,2019,838.0
374,35 - 39,F,2019,409.0
375,35 - 39,M,2019,840.0
376,40 - 44,F,2019,393.0
377,40 - 44,M,2019,785.0
378,45 - 49,F,2019,404.0
379,45 - 49,M,2019,751.0
380,50 - 54,F,2019,257.0
381,50 - 54,M,2019,536.0
382,55 - 59,F,2019,203.0
383,55 - 59,M,2019,397.0
384,≧ 60,F,2019,194.0
385,≧ 60,M,2019,651.0
386,總計 Total,F,2019,2699.0
387,總計 Total,M,2019,6134.0
388,總計 Total,Total,2019,8833.0
392,14 - 17,F,2020,11.0
393,14 - 17,M,2020,75.0
394,18 - 20,F,2020,12.0
395,18 - 20,M,2020,114.0
396,21 - 24,F,2020,86.0
397,21 - 24,M,2020,309.0
398,25 - 29,F,2020,178.0
399,25 - 29,M,2020,534.0
400,30 - 34,F,2020,268.0
401,30 - 34,M,2020,668.0
402,35 - 39,F,2020,251.0
403,35 - 39,M,2020,602.0
404,40 - 44,F,2020,274.0
405,40 - 44,M,2020,684.0
406,45 - 49,F,2020,273.0
407,45 - 49,M,2020,590.0
408,50 - 54,F,2020,202.0
409,50 - 54,M,2020,416.0
410,55 - 59,F,2020,134.0
411,55 - 59,M,2020,364.0
412,≧ 60,F,2020,126.0
413,≧ 60,M,2020,423.0
414,總計 Total,F,2020,1815.0
415,總計 Total,M,2020,4779.0
416,總計 Total,Total,2020,6594.0
420,14 - 17,F,2021,16.0
421,14 - 17,M,2021,178.0
422,18 - 20,F,2021,27.0
423,18 - 20,M,2021,230.0
424,21 - 24,F,2021,80.0
425,21 - 24,M,2021,462.0
426,25 - 29,F,2021,209.0
427,25 - 29,M,2021,750.0
428,30 - 34,F,2021,329.0
429,30 - 34,M,2021,811.0
430,35 - 39,F,2021,311.0
431,35 - 39,M,2021,746.0
432,40 - 44,F,2021,324.0
433,40 - 44,M,2021,829.0
434,45 - 49,F,2021,290.0
435,45 - 49,M,2021,775.0
436,50 - 54,F,2021,223.0
437,50 - 54,M,2021,513.0
438,55 - 59,F,2021,137.0
439,55 - 59,M,2021,436.0
440,≧ 60,F,2021,163.0
441,≧ 60,M,2021,595.0
442,總計 Total,F,2021,2109.0
443,總計 Total,M,2021,6325.0
444,總計 Total,Total,2021,8434.0
448,14 - 17,F,2022,21.0
449,14 - 17,M,2022,131.0
450,18 - 20,F,2022,29.0
451,18 - 20,M,2022,171.0
452,21 - 24,F,2022,87.0
453,21 - 24,M,2022,411.0
454,25 - 29,F,2022,196.0
455,25 - 29,M,2022,685.0
456,30 - 34,F,2022,247.0
457,30 - 34,M,2022,693.0
458,35 - 39,F,2022,282.0
459,35 - 39,M,2022,629.0
460,40 - 44,F,2022,263.0
461,40 - 44,M,2022,661.0
462,45 - 49,F,2022,254.0
463,45 - 49,M,2022,624.0
464,50 - 54,F,2022,217.0
465,50 - 54,M,2022,445.0
466,55 - 59,F,2022,136.0
467,55 - 59,M,2022,343.0
468,≧ 60,F,2022,161.0
469,≧ 60,M,2022,523.0
470,總計 Total,F,2022,1893.0
471,總計 Total,M,2022,5316.0
472,總計 Total,Total,2022,7209.0
476,14 - 17,F,2023,19.0
477,14 - 17,M,2023,104.0
478,18 - 20,F,2023,41.0
479,18 - 20,M,2023,204.0
480,21 - 24,F,2023,121.0
481,21 - 24,M,2023,483.0
482,25 - 29,F,2023,293.0
483,25 - 29,M,2023,828.0
484,30 - 34,F,2023,426.0
485,30 - 34,M,2023,857.0
486,35 - 39,F,2023,501.0
487,35 - 39,M,2023,840.0
488,40 - 44,F,2023,439.0
489,40 - 44,M,2023,815.0
490,45 - 49,F,2023,357.0
491,45 - 49,M,2023,794.0
492,50 - 54,F,2023,332.0
493,50 - 54,M,2023,569.0
494,55 - 59,F,2023,174.0
495,55 - 59,M,2023,406.0
496,≧ 60,F,2023,248.0
497,≧ 60,M,2023,669.0
498,總計 Total,F,2023,2951.0
499,總計 Total,M,2023,6569.0
500,總計 Total,Total,2023,9520.0
504,14 - 17,F,2024,15.0
505,14 - 17,M,2024,104.0
506,18 - 20,F,2024,31.0
507,18 - 20,M,2024,195.0
508,21 - 24,F,2024,104.0
509,21 - 24,M,2024,396.0
510,25 - 29,F,2024,298.0
511,25 - 29,M,2024,739.0
512,30 - 34,F,2024,464.0
513,30 - 34,M,2024,910.0
514,35 - 39,F,2024,542.0
515,35 - 39,M,2024,984.0
516,40 - 44,F,2024,475.0
517,40 - 44,M,2024,846.0
518,45 - 49,F,2024,419.0
519,45 - 49,M,2024,862.0
520,50 - 54,F,2024,367.0
521,50 - 54,M,2024,666.0
522,55 - 59,F,2024,230.0
523,55 - 59,M,2024,431.0
524,≧ 60,F,2024,259.0
525,≧ 60,M,2024,764.0
526,總計 Total,F,2024,3204.0
527,總計 Total,M,2024,6897.0
528,總計 Total,Total,2024,10101.0
